sexfreq,previous_uti_count,previous_ct_count,true_label
3.0,0.0,0.0,0.0
2.0,0.0,0.0,0.0
0.0,0.0,0.0,0.0
2.0,1.0,0.0,0.0
0.0,1.0,1.0,0.0
4.0,0.0,0.0,0.0
4.0,2.0,1.0,0.0
2.0,0.0,0.0,0.0
3.0,1.0,0.0,0.0
4.0,0.0,0.0,0.0
4.0,2.0,1.0,0.0
2.0,0.0,0.0,0.0
0.0,0.0,0.0,0.0
0.0,3.0,1.0,0.0
3.0,0.0,0.0,0.0
2.0,3.0,0.0,0.0
4.0,0.0,0.0,0.0
2.0,1.0,0.0,0.0
0.0,0.0,0.0,0.0
4.0,0.0,0.0,0.0
4.0,0.0,0.0,0.0
2.0,1.0,0.0,0.0
3.0,0.0,0.0,1.0
4.0,0.0,0.0,0.0
4.0,0.0,0.0,0.0
0.0,0.0,0.0,0.0
0.0,0.0,0.0,0.0
4.0,0.0,0.0,0.0
2.0,0.0,0.0,0.0
4.0,2.0,0.0,0.0
4.0,0.0,0.0,0.0
3.0,1.0,0.0,0.0
3.0,1.0,0.0,0.0
3.0,2.0,0.0,0.0
4.0,2.0,0.0,1.0
2.0,0.0,0.0,0.0
3.0,2.0,0.0,0.0
4.0,0.0,0.0,0.0
4.0,0.0,0.0,0.0
3.0,0.0,0.0,0.0
2.0,0.0,0.0,0.0
3.0,4.0,0.0,0.0
3.0,0.0,0.0,0.0
4.0,0.0,0.0,0.0
2.0,1.0,1.0,1.0
0.0,0.0,0.0,0.0
0.0,0.0,0.0,0.0
2.0,1.0,0.0,0.0
4.0,1.0,0.0,0.0
3.0,0.0,0.0,0.0
0.0,0.0,0.0,0.0
3.0,0.0,0.0,0.0
4.0,0.0,0.0,0.0
0.0,1.0,0.0,0.0
3.0,0.0,0.0,0.0
4.0,0.0,0.0,0.0
4.0,0.0,0.0,1.0
4.0,0.0,0.0,0.0
4.0,0.0,0.0,0.0
3.0,1.0,0.0,1.0
0.0,3.0,1.0,0.0
4.0,2.0,0.0,0.0
3.0,0.0,0.0,1.0
2.0,0.0,0.0,0.0
4.0,4.0,0.0,0.0
4.0,0.0,0.0,1.0
4.0,0.0,0.0,0.0
4.0,3.0,1.0,0.0
3.0,3.0,0.0,1.0
4.0,1.0,0.0,0.0
2.0,3.0,0.0,0.0
3.0,1.0,0.0,0.0
3.0,2.0,0.0,0.0
2.0,0.0,0.0,0.0
4.0,1.0,1.0,0.0
4.0,1.0,0.0,0.0
4.0,2.0,0.0,1.0
3.0,0.0,0.0,0.0
2.0,0.0,0.0,0.0
4.0,0.0,0.0,0.0
4.0,0.0,0.0,0.0
2.0,0.0,0.0,1.0
2.0,3.0,0.0,0.0
2.0,3.0,1.0,0.0
3.0,0.0,0.0,0.0
3.0,1.0,0.0,0.0
4.0,1.0,1.0,0.0
2.0,3.0,1.0,1.0
2.0,0.0,0.0,0.0
2.0,0.0,0.0,0.0
3.0,0.0,0.0,0.0
2.0,0.0,0.0,0.0
4.0,0.0,0.0,1.0
3.0,0.0,0.0,0.0
0.0,0.0,0.0,0.0
2.0,0.0,0.0,0.0
3.0,1.0,0.0,0.0
3.0,1.0,0.0,0.0
3.0,0.0,0.0,0.0
2.0,0.0,0.0,0.0
2.0,0.0,0.0,0.0
4.0,0.0,0.0,0.0
0.0,0.0,0.0,0.0
0.0,0.0,0.0,0.0
3.0,1.0,0.0,0.0
0.0,1.0,1.0,0.0
3.0,1.0,0.0,0.0
4.0,2.0,0.0,0.0
4.0,0.0,0.0,0.0
4.0,0.0,0.0,0.0
3.0,0.0,0.0,0.0
0.0,2.0,2.0,0.0
0.0,1.0,0.0,0.0
0.0,2.0,1.0,0.0
3.0,3.0,0.0,1.0
4.0,0.0,0.0,0.0
4.0,0.0,0.0,0.0
4.0,0.0,0.0,0.0
4.0,1.0,0.0,0.0
0.0,0.0,0.0,0.0
0.0,0.0,0.0,0.0
4.0,0.0,0.0,0.0
4.0,0.0,0.0,0.0
4.0,0.0,0.0,0.0
4.0,1.0,0.0,0.0
4.0,0.0,0.0,0.0
3.0,3.0,2.0,0.0
4.0,1.0,1.0,0.0
2.0,0.0,0.0,0.0
3.0,1.0,0.0,0.0
0.0,0.0,0.0,0.0
3.0,0.0,0.0,0.0
3.0,0.0,0.0,0.0
0.0,4.0,0.0,1.0
2.0,3.0,1.0,0.0
4.0,0.0,0.0,0.0
3.0,1.0,0.0,0.0
2.0,1.0,0.0,0.0
0.0,2.0,0.0,0.0
4.0,2.0,0.0,0.0
0.0,0.0,0.0,1.0
0.0,0.0,0.0,0.0
2.0,0.0,0.0,0.0
0.0,0.0,0.0,0.0
3.0,0.0,0.0,0.0
0.0,1.0,0.0,0.0
2.0,1.0,1.0,0.0
3.0,1.0,0.0,0.0
4.0,0.0,0.0,0.0
2.0,0.0,0.0,0.0
0.0,0.0,0.0,0.0
0.0,0.0,0.0,0.0
4.0,0.0,0.0,1.0
0.0,0.0,0.0,0.0
3.0,0.0,0.0,0.0
2.0,0.0,0.0,0.0
0.0,1.0,0.0,0.0
3.0,2.0,1.0,0.0
4.0,0.0,0.0,0.0
4.0,0.0,0.0,0.0
0.0,1.0,0.0,0.0
0.0,0.0,0.0,0.0
4.0,0.0,0.0,0.0
3.0,1.0,0.0,0.0
4.0,0.0,0.0,0.0
3.0,1.0,0.0,0.0
0.0,0.0,0.0,1.0
4.0,0.0,0.0,0.0
0.0,1.0,0.0,0.0
3.0,0.0,0.0,0.0
3.0,1.0,0.0,0.0
4.0,1.0,0.0,0.0
3.0,0.0,0.0,0.0
4.0,1.0,0.0,0.0
3.0,1.0,0.0,0.0
4.0,0.0,0.0,0.0
0.0,0.0,0.0,0.0
0.0,0.0,0.0,0.0
4.0,1.0,0.0,0.0
2.0,0.0,0.0,0.0
0.0,2.0,1.0,0.0
